-- ==== Receipt ====
use Assignment;
INSERT INTO Receipt(state, date_exported, id_librarian)
VALUES('nguyen_ven', '2023-11-06', 1),
    ('nguyen_ven', '2023-11-03', 3),
    ('hu_hong_nhe', '2023-11-03', 4),
    ('nguyen_ven', '2023-11-03', 2),
    ('hu_hong_nhe', '2023-11-03', 1),
    ('hu_hong_nhe', '2023-11-02', 2),
    ('hu_hong_nhe', '2023-11-02', 3),
    ('nguyen_ven', '2023-11-05', 2),
    ('hu_hong_nhe', '2023-11-03', 5),
    ('nguyen_ven', '2023-11-06', 4),
    ('nguyen_ven', '2023-11-02', 1),
    ('hu_hong_nhe', '2023-11-02', 5),
    ('hu_hong_nhe', '2023-11-07', 4),
    ('hu_hong_nhe', '2023-11-03', 2),
    ('nguyen_ven', '2023-11-06', 5),
    ('hu_hong_nhe', '2023-11-03', 1),
    ('nguyen_ven', '2023-11-05', 2),
    ('nguyen_ven', '2023-11-01', 1),
    ('nguyen_ven', '2023-11-07', 3),
    ('nguyen_ven', '2023-11-06', 2),
    ('nguyen_ven', '2023-11-02', 2),
    ('nguyen_ven', '2023-11-05', 2),
    ('nguyen_ven', '2023-11-06', 5),
    ('hu_hong_nhe', '2023-11-04', 3),
    ('hu_hong_nhe', '2023-11-02', 3),
    ('nguyen_ven', '2023-11-01', 1),
    ('nguyen_ven', '2023-11-07', 5),
    ('nguyen_ven', '2023-11-05', 2),
    ('hu_hong_nhe', '2023-11-03', 2),
    ('nguyen_ven', '2023-11-02', 3),
    ('nguyen_ven', '2023-11-04', 2),
    ('hu_hong_nhe', '2023-11-07', 5),
    ('hu_hong_nhe', '2023-11-07', 4),
    ('nguyen_ven', '2023-11-02', 1),
    ('nguyen_ven', '2023-11-06', 4),
    ('nguyen_ven', '2023-11-01', 1),
    ('nguyen_ven', '2023-11-05', 1),
    ('hu_hong_nhe', '2023-11-04', 1),
    ('hu_hong_nhe', '2023-11-07', 1),
    ('nguyen_ven', '2023-11-02', 4),
    ('nguyen_ven', '2023-11-05', 3),
    ('hu_hong_nhe', '2023-11-04', 3),
    ('nguyen_ven', '2023-11-07', 1),
    ('nguyen_ven', '2023-11-02', 5),
    ('nguyen_ven', '2023-11-04', 3),
    ('hu_hong_nhe', '2023-11-03', 1),
    ('hu_hong_nhe', '2023-11-07', 3),
    ('nguyen_ven', '2023-11-03', 1),
    ('hu_hong_nhe', '2023-11-03', 3),
    ('nguyen_ven', '2023-11-06', 4),
    ('nguyen_ven', '2023-11-03', 5),
    ('nguyen_ven', '2023-11-07', 2),
    ('hu_hong_nhe', '2023-11-01', 3),
    ('nguyen_ven', '2023-11-01', 5),
    ('hu_hong_nhe', '2023-11-07', 3),
    ('hu_hong_nhe', '2023-11-05', 2),
    ('hu_hong_nhe', '2023-11-05', 3),
    ('hu_hong_nhe', '2023-11-07', 5),
    ('hu_hong_nhe', '2023-11-07', 2),
    ('hu_hong_nhe', '2023-11-05', 2),
    ('nguyen_ven', '2023-11-03', 1),
    ('hu_hong_nhe', '2023-11-05', 3),
    ('nguyen_ven', '2023-11-06', 5),
    ('hu_hong_nhe', '2023-11-05', 1),
    ('hu_hong_nhe', '2023-11-04', 2),
    ('nguyen_ven', '2023-11-02', 2),
    ('nguyen_ven', '2023-11-03', 4),
    ('hu_hong_nhe', '2023-11-04', 5),
    ('hu_hong_nhe', '2023-11-02', 5),
    ('nguyen_ven', '2023-11-05', 5),
    ('nguyen_ven', '2023-11-01', 2),
    ('hu_hong_nhe', '2023-11-05', 3),
    ('nguyen_ven', '2023-11-05', 3),
    ('hu_hong_nhe', '2023-11-07', 2),
    ('hu_hong_nhe', '2023-11-05', 1),
    ('hu_hong_nhe', '2023-11-04', 5),
    ('nguyen_ven', '2023-11-05', 2),
    ('nguyen_ven', '2023-11-01', 5),
    ('nguyen_ven', '2023-11-07', 5),
    ('nguyen_ven', '2023-11-05', 4),
    ('nguyen_ven', '2023-11-03', 2),
    ('hu_hong_nhe', '2023-11-07', 1),
    ('hu_hong_nhe', '2023-11-06', 4),
    ('nguyen_ven', '2023-11-07', 5),
    ('nguyen_ven', '2023-11-04', 5),
    ('nguyen_ven', '2023-11-03', 3),
    ('hu_hong_nhe', '2023-11-03', 4),
    ('nguyen_ven', '2023-11-07', 2),
    ('hu_hong_nhe', '2023-11-04', 5),
    ('nguyen_ven', '2023-11-02', 2),
    ('hu_hong_nhe', '2023-11-02', 2),
    ('hu_hong_nhe', '2023-11-07', 2),
    ('nguyen_ven', '2023-11-03', 4),
    ('hu_hong_nhe', '2023-11-02', 2),
    ('hu_hong_nhe', '2023-11-05', 1),
    ('nguyen_ven', '2023-11-06', 4),
    ('hu_hong_nhe', '2023-11-01', 1),
    ('nguyen_ven', '2023-11-05', 2),
    ('nguyen_ven', '2023-11-01', 3),
    ('nguyen_ven', '2023-11-04', 3),
    ('hu_hong_nhe', '2023-11-07', 3),
    ('nguyen_ven', '2023-11-05', 3),
    ('hu_hong_nhe', '2023-11-03', 5),
    ('hu_hong_nhe', '2023-11-02', 2),
    ('hu_hong_nhe', '2023-11-01', 2),
    ('nguyen_ven', '2023-11-04', 2),
    ('hu_hong_nhe', '2023-11-06', 5);

INSERT INTO Receipt_receive_book(id)
VALUES (1),
    (2),
    (3),
    (4),
    (5),
    (6),
    (7),
    (8),
    (9),
    (10),
    (11),
    (12),
    (13),
    (14),
    (15),
    (16),
    (17),
    (18),
    (19),
    (20),
    (21),
    (22),
    (23),
    (24),
    (25),
    (26),
    (27),
    (28),
    (29),
    (30),
    (31),
    (32),
    (33),
    (34),
    (35),
    (36),
    (37),
    (38),
    (39),
    (40),
    (41),
    (42),
    (43),
    (44),
    (45),
    (46),
    (47),
    (48),
    (49),
    (50),
    (51),
    (52),
    (53),
    (54),
    (55),
    (56),
    (57),
    (58),
    (59),
    (60),
    (61),
    (62),
    (63),
    (64),
    (65),
    (66),
    (67),
    (68),
    (69),
    (70),
    (71),
    (72),
    (73),
    (74),
    (75),
    (76),
    (77),
    (78),
    (79),
    (80),
    (81),
    (82),
    (83),
    (84),
    (85),
    (86),
    (87),
    (88),
    (89),
    (90),
    (91),
    (92),
    (93),
    (94),
    (95),
    (96),
    (97),
    (98),
    (99),
    (100),
    (101),
    (102),
    (103),
    (104),
    (105),
    (106),
    (107);

INSERT INTO Receipt_borrow_book(id, expire)
VALUES 
    (1, '2023-11-20'),
    (2, '2023-11-17'),
    (3, '2023-11-17'),
    (4, '2023-11-17'),
    (5, '2023-11-17'),
    (6, '2023-11-16'),
    (7, '2023-11-16'),
    (8, '2023-11-19');

INSERT INTO Book (id_branch, status, publish, id_book_title)
VALUES (1, 'available', 1965, 1),
    (3, 'available', 1965, 1),
    (4, 'available', 1985, 2),
    (2, 'available', 1984, 3),
    (1, 'available', 1984, 3),
    (2, 'available', 1969, 4),
    (3, 'available', 1992, 5),
    (2, 'available', 1992, 5),
    (5, 'available', 1937, 6),
    (4, 'available', 1937, 6),
    (1, 'available', 1997, 7),
    (5, 'available', 1996, 8),
    (4, 'available', 1996, 8),
    (2, 'available', 2007, 9),
    (5, 'available', 1954, 10),
    (1, 'available', 1954, 10),
    (2, 'available', 1813, 11),
    (1, 'available', 1813, 11),
    (3, 'available', 1991, 12),
    (2, 'available', 1996, 13),
    (2, 'available', 1996, 13),
    (2, 'available', 2012, 14),
    (5, 'available', 2012, 14),
    (3, 'available', 2017, 15),
    (3, 'available', 2005, 16),
    (1, 'available', 2005, 16),
    (5, 'available', 2014, 17),
    (2, 'available', 2015, 18),
    (2, 'available', 2015, 18),
    (3, 'available', 1989, 19),
    (2, 'available', 2009, 20),
    (5, 'available', 2009, 20),
    (4, 'available', 1977, 21),
    (1, 'available', 1977, 21),
    (4, 'available', 1986, 22),
    (1, 'available', 1971, 23),
    (1, 'available', 1971, 23),
    (1, 'available', 1897, 24),
    (1, 'available', 1897, 24),
    (4, 'available', 2014, 25),
    (3, 'available', 2005, 26),
    (3, 'available', 2005, 26),
    (1, 'available', 2012, 27),
    (5, 'available', 2012, 27),
    (3, 'available', 2003, 28),
    (1, 'available', 2003, 28),
    (3, 'available', 1988, 29),
    (1, 'available', 2015, 30),
    (3, 'available', 1902, 31),
    (4, 'available', 2007, 32),
    (5, 'available', 2014, 33),
    (2, 'available', 2014, 33),
    (3, 'available', 2001, 34),
    (5, 'available', 2001, 34),
    (3, 'available', 1998, 35),
    (2, 'available', 1998, 35),
    (3, 'available', 1934, 36),
    (5, 'available', 1934, 36),
    (2, 'available', 1998, 37),
    (2, 'available', 2013, 38),
    (1, 'available', 2013, 38),
    (3, 'available', 1996, 39),
    (5, 'available', 1996, 39),
    (1, 'available', 1930, 40),
    (2, 'available', 1930, 40),
    (2, 'available', 2011, 41),
    (4, 'available', 2011, 41),
    (5, 'available', 1947, 42),
    (5, 'available', 1947, 42),
    (5, 'available', 2010, 43),
    (2, 'available', 2010, 44),
    (3, 'available', 2010, 44),
    (3, 'available', 2005, 45),
    (2, 'available', 2005, 45),
    (1, 'available', 1989, 46),
    (5, 'available', 1936, 47),
    (2, 'available', 2018, 48),
    (5, 'available', 1997, 49),
    (5, 'available', 1997, 49),
    (4, 'available', 2013, 50),
    (2, 'available', 2013, 50),
    (1, 'available', 1996, 51),
    (4, 'available', 1996, 51),
    (5, 'available', 2006, 52),
    (5, 'available', 2000, 53),
    (3, 'available', 2000, 53),
    (4, 'available', 1998, 54),
    (2, 'available', 1998, 54),
    (5, 'available', 2012, 55),
    (2, 'available', 2012, 55),
    (2, 'available', 1997, 56),
    (2, 'available', 1997, 56),
    (4, 'available', 1969, 57),
    (2, 'available', 1969, 57),
    (1, 'available', 1963, 58),
    (4, 'available', 1988, 59),
    (1, 'available', 1952, 60),
    (2, 'available', 1952, 60),
    (3, 'available', 1988, 61),
    (3, 'available', 1988, 61),
    (3, 'available', 2014, 62),
    (3, 'available', 2014, 62),
    (5, 'available', 1976, 63),
    (2, 'available', 1980, 64),
    (2, 'available', 1980, 64),
    (2, 'available', 1999, 65),
    (5, 'available', 1999, 65);
GO
INSERT INTO Send_book (id_sender, id_book, id_branch, id_send_receipt, point_bonus)
VALUES (13, 1, 1, 1, 10),
(9, 2, 3, 2, 10),
(24, 3, 4, 3, 10),
(20, 4, 2, 4, 10),
(19, 5, 1, 5, 10),
(14, 6, 2, 6, 10),
(11, 7, 3, 7, 10),
(22, 8, 2, 8, 10),
(7, 9, 5, 9, 10),
(9, 10, 4, 10, 10),
(10, 11, 1, 11, 10),
(24, 12, 5, 12, 10),
(4, 13, 4, 13, 10),
(11, 14, 2, 14, 10),
(2, 15, 5, 15, 10),
(6, 16, 1, 16, 10),
(19, 17, 2, 17, 10),
(21, 18, 1, 18, 10),
(25, 19, 3, 19, 10),
(10, 20, 2, 20, 10),
(6, 21, 2, 21, 10),
(11, 22, 2, 22, 10),
(5, 23, 5, 23, 10),
(13, 24, 3, 24, 10),
(9, 25, 3, 25, 10),
(7, 26, 1, 26, 10),
(24, 27, 5, 27, 10),
(18, 28, 2, 28, 10),
(2, 29, 2, 29, 10),
(21, 30, 3, 30, 10),
(15, 31, 2, 31, 10),
(24, 32, 5, 32, 10),
(19, 33, 4, 33, 10),
(10, 34, 1, 34, 10),
(17, 35, 4, 35, 10),
(4, 36, 1, 36, 10),
(14, 37, 1, 37, 10),
(3, 38, 1, 38, 10),
(20, 39, 1, 39, 10),
(1, 40, 4, 40, 10),
(15, 41, 3, 41, 10),
(9, 42, 3, 42, 10),
(14, 43, 1, 43, 10),
(20, 44, 5, 44, 10),
(15, 45, 3, 45, 10),
(16, 46, 1, 46, 10),
(14, 47, 3, 47, 10),
(21, 48, 1, 48, 10),
(17, 49, 3, 49, 10),
(18, 50, 4, 50, 10),
(16, 51, 5, 51, 10),
(15, 52, 2, 52, 10),
(3, 53, 3, 53, 10),
(14, 54, 5, 54, 10),
(14, 55, 3, 55, 10),
(6, 56, 2, 56, 10),
(9, 57, 3, 57, 10),
(19, 58, 5, 58, 10),
(13, 59, 2, 59, 10),
(19, 60, 2, 60, 10),
(10, 61, 1, 61, 10),
(16, 62, 3, 62, 10),
(22, 63, 5, 63, 10),
(22, 64, 1, 64, 10),
(14, 65, 2, 65, 10),
(21, 66, 2, 66, 10),
(9, 67, 4, 67, 10),
(17, 68, 5, 68, 10),
(4, 69, 5, 69, 10),
(20, 70, 5, 70, 10),
(25, 71, 2, 71, 10),
(17, 72, 3, 72, 10),
(11, 73, 3, 73, 10),
(12, 74, 2, 74, 10),
(15, 75, 1, 75, 10),
(11, 76, 5, 76, 10),
(24, 77, 2, 77, 10),
(9, 78, 5, 78, 10),
(13, 79, 5, 79, 10),
(15, 80, 4, 80, 10),
(25, 81, 2, 81, 10),
(22, 82, 1, 82, 10),
(9, 83, 4, 83, 10),
(10, 84, 5, 84, 10),
(19, 85, 5, 85, 10),
(23, 86, 3, 86, 10),
(8, 87, 4, 87, 10),
(22, 88, 2, 88, 10),
(24, 89, 5, 89, 10),
(11, 90, 2, 90, 10),
(22, 91, 2, 91, 10),
(8, 92, 2, 92, 10),
(7, 93, 4, 93, 10),
(13, 94, 2, 94, 10),
(24, 95, 1, 95, 10),
(7, 96, 4, 96, 10),
(5, 97, 1, 97, 10),
(17, 98, 2, 98, 10),
(23, 99, 3, 99, 10),
(7, 100, 3, 100, 10),
(25, 101, 3, 101, 10),
(8, 102, 3, 102, 10),
(23, 103, 5, 103, 10),
(4, 104, 2, 104, 10),
(12, 105, 2, 105, 10),
(22, 106, 2, 106, 10),
(4, 107, 5, 107, 10);

INSERT INTO Point_payment (id_user, point, date)
VALUES (3, 10, '2023-11-10');

INSERT INTO Point_payment (id_user, point, date)
VALUES (22, 20, '2023-11-12');
